{
    "mCameraSystem": {
        "FPVCamera": {
            "mLookAtDir_world": {
                "x": -0.9988561272621155,
                "y": -0.04448990151286125,
                "z": -0.01752227358520031
            },
            "mMovementSpeed": 406.3999938964844,
            "mPitch": -2.5499253273010254,
            "mPosition_world": {
                "x": 26.624082545104706,
                "y": 1.74,
                "z": -0.579208997431527
            },
            "mVelocity_world": {
                "x": 0.0,
                "y": 0.0,
                "z": 0.0
            },
            "mYaw": 181.0050048828125
        },
        "mCurrentCamera": 0,
        "mHasFocus": false
    },
    "mPlayback": {
        "mLastSpeed": 0.460999995470047,
        "mPaused": false,
        "mSpeed": 1.0,
        "mTime_s": 0.8840000629425049
    }
}