{
    "mCameraSystem": {
        "FPVCamera": {
            "mLookAtDir_world": {
                "x": 0.5867634415626526,
                "y": -0.30653056502342224,
                "z": -0.7494982481002808
            },
            "mMovementSpeed": 1606.4000244140625,
            "mPitch": -17.850271224975586,
            "mPosition_world": {
                "x": -43.38138702628813,
                "y": 20.330967089859552,
                "z": 49.11440812233338
            },
            "mVelocity_world": {
                "x": 0.0,
                "y": 0.0,
                "z": 0.0
            },
            "mYaw": 308.0565185546875
        },
        "mCurrentCamera": 0,
        "mHasFocus": false
    },
    "mPlayback": {
        "mLastSpeed": 1.0,
        "mPaused": true,
        "mSpeed": 0.15399999916553497,
        "mTime_s": 7.17446231842041
    }
}