{
    "mCameraSystem": {
        "FPVCamera": {
            "mLookAtDir_world": {
                "x": 0.6605789661407471,
                "y": -0.7402197122573853,
                "z": -0.12534040212631226
            },
            "mMovementSpeed": 1606.4000244140625,
            "mPitch": -47.75013732910156,
            "mPosition_world": {
                "x": -64.52704854431016,
                "y": 44.37997009459282,
                "z": 29.376354058662123
            },
            "mVelocity_world": {
                "x": 0.0,
                "y": 0.0,
                "z": 0.0
            },
            "mYaw": 349.2562255859375
        },
        "mCurrentCamera": 0,
        "mHasFocus": false
    },
    "mPlayback": {
        "mLastSpeed": 1.0,
        "mPaused": false,
        "mSpeed": 1.0,
        "mTime_s": 6.59099817276001
    }
}