{
    "mCameraSystem": {
        "FPVCamera": {
            "mLookAtDir_world": {
                "x": -0.677513599395752,
                "y": -0.2044958770275116,
                "z": -0.7065102458000183
            },
            "mMovementSpeed": 6.400000095367432,
            "mPitch": -11.799989700317383,
            "mPosition_world": {
                "x": -0.5942652385265147,
                "y": 46.99120296351227,
                "z": -0.553245717001641
            },
            "mVelocity_world": {
                "x": 0.0,
                "y": 0.0,
                "z": 0.0
            },
            "mYaw": 226.20022583007813
        },
        "mCurrentCamera": 0,
        "mHasFocus": false
    },
    "mPlayback": {
        "mLastSpeed": 0.10999999940395355,
        "mPaused": false,
        "mSpeed": 0.10999999940395355,
        "mTime_s": 2.498713493347168
    }
}